id,name,url,adapter,source_kind,status,territory_id,last_success_at,latest_publication_at,error
municipal-mo-92601000,Агрызский муниципальный район — официальный сайт,http://agryz.tatarstan.ru/index.htm/news/,tatarstan-html,official,unavailable,mo-92601000,,,
tg-avianovsav,Администрация Авиастроительного и Ново-Савиновского районов Казани · Telegram,https://t.me/avianovsav,telegram,official,active,mo-92701000,2026-09-06T07:29:47.330893+00:00,2026-09-04T13:16:01Z,
municipal-mo-92602000,Азнакаевский муниципальный район — официальный сайт,http://aznakayevo.tatarstan.ru/index.htm/news/,tatarstan-html,official,unavailable,mo-92602000,,,
municipal-mo-92604000,Аксубаевский муниципальный район — официальный сайт,http://aksubayevo.tatarstan.ru/index.htm/news/,tatarstan-html,official,unavailable,mo-92604000,,,
municipal-mo-92605000,Актанышский муниципальный район — официальный сайт,http://aktanysh.tatarstan.ru/index.htm/news/,tatarstan-html,official,unavailable,mo-92605000,,,
municipal-mo-92606000,Алексеевский муниципальный район — официальный сайт,http://alekseevskiy.tatarstan.ru/index.htm/news/,tatarstan-html,official,unavailable,mo-92606000,,,
municipal-mo-92607000,Алькеевский муниципальный район — официальный сайт,http://alkeevskiy.tatarstan.ru/index.htm/news/,tatarstan-html,official,unavailable,mo-92607000,,,
municipal-mo-92608000,Альметьевский муниципальный район — официальный сайт,http://almetyevsk.tatar.ru/index.htm/news/,tatarstan-html,official,unavailable,mo-92608000,,,
municipal-mo-92610000,Апастовский муниципальный район — официальный сайт,http://apastovo.tatarstan.ru/index.htm/news/,tatarstan-html,official,unavailable,mo-92610000,,,
municipal-mo-92612000,Арский муниципальный район — официальный сайт,http://arsk.tatarstan.ru/index.htm/news/,tatarstan-html,official,unavailable,mo-92612000,,,
municipal-mo-92613000,Атнинский муниципальный район — официальный сайт,http://atnya.tatarstan.ru/index.htm/news/,tatarstan-html,official,unavailable,mo-92613000,,,
municipal-mo-92614000,Бавлинский муниципальный район — официальный сайт,http://bavly.tatarstan.ru/index.htm/news/,tatarstan-html,official,unavailable,mo-92614000,,,
municipal-mo-92615000,Балтасинский муниципальный район — официальный сайт,http://baltasi.tatarstan.ru/index.htm/news/,tatarstan-html,official,unavailable,mo-92615000,,,
municipal-mo-92617000,Бугульминский муниципальный район — официальный сайт,http://bugulma.tatarstan.ru/index.htm/news/,tatarstan-html,official,unavailable,mo-92617000,,,
municipal-mo-92618000,Буинский муниципальный район — официальный сайт,http://buinsk.tatarstan.ru/index.htm/news/,tatarstan-html,official,unavailable,mo-92618000,,,
municipal-mo-92620000,Верхнеуслонский муниципальный район — официальный сайт,http://verhniy-uslon.tatarstan.ru/index.htm/news/,tatarstan-html,official,unavailable,mo-92620000,,,
municipal-mo-92622000,Высокогорский муниципальный район — официальный сайт,http://vysokaya-gora.tatarstan.ru/index.htm/news/,tatarstan-html,official,unavailable,mo-92622000,,,
mchs-news,ГУ МЧС России по Республике Татарстан,https://16.mchs.gov.ru/deyatelnost/press-centr/novosti/rss,rss,official,active,RU-TA,2026-09-06T07:33:22Z,2026-09-01T11:16:00Z,
municipal-mo-92624000,Дрожжановский муниципальный район — официальный сайт,http://drogganoye.tatarstan.ru/index.htm/news/,tatarstan-html,official,unavailable,mo-92624000,,,
municipal-mo-92626000,Елабужский муниципальный район — официальный сайт,http://elabuga.tatarstan.ru/index.htm/news/,tatarstan-html,official,unavailable,mo-92626000,,,
municipal-mo-92627000,Заинский муниципальный район — официальный сайт,http://zainsk.tatarstan.ru/index.htm/news/,tatarstan-html,official,unavailable,mo-92627000,,,
municipal-mo-92628000,Зеленодольский муниципальный район — официальный сайт,http://zelenodolsk.tatarstan.ru/index.htm/news/,tatarstan-html,official,unavailable,mo-92628000,,,
kazan-vodokanal-accidents,Казанский Водоканал — аварийные отключения,https://www.kznvodokanal.ru/accident,vodokanal-incidents,utility,active,mo-92701000,2026-09-06T07:36:22Z,2026-09-05,
kfu-news,Казанский федеральный университет,https://media.kpfu.ru/news-rss,rss,media,active,mo-92701000,2026-09-06T06:58:15Z,2026-09-04,
municipal-mo-92629000,Кайбицкий муниципальный район — официальный сайт,http://kaybici.tatarstan.ru/index.htm/news/,tatarstan-html,official,unavailable,mo-92629000,,,
municipal-mo-92630000,Камско-Устьинский муниципальный район — официальный сайт,http://kamskoye-ustye.tatarstan.ru/index.htm/news/,tatarstan-html,official,unavailable,mo-92630000,,,
tg-kvb_kzn,Комитет внешнего благоустройства Казани · Telegram,https://t.me/kvb_kzn,telegram,official,active,mo-92701000,2026-09-06T07:29:45.823986+00:00,2026-09-06T04:48:08Z,
municipal-mo-92633000,Кукморский муниципальный район — официальный сайт,http://kukmor.tatarstan.ru/index.htm/news/,tatarstan-html,official,unavailable,mo-92633000,,,
municipal-mo-92634000,Лаишевский муниципальный район — официальный сайт,http://laishevo.tatarstan.ru/index.htm/news/,tatarstan-html,official,unavailable,mo-92634000,,,
municipal-mo-92636000,Лениногорский муниципальный район — официальный сайт,http://leninogorsk.tatarstan.ru/index.htm/news/,tatarstan-html,official,unavailable,mo-92636000,,,
mchs-weather,МЧС Татарстана — штормовые предупреждения,https://16.mchs.gov.ru/deyatelnost/press-centr/operativnaya-informaciya/shtormovye-i-ekstrennye-preduprezhdeniya/rss,rss,official,active,RU-TA,2026-09-06T07:32:17Z,2026-09-05T09:22:00Z,
tg-141304b6e28d6c89,МЧС Татарстана — штормовые предупреждения · Telegram,https://t.me/mchstatarstan,telegram,official,active,RU-TA,2026-09-06T07:30:17.553236+00:00,,
municipal-mo-92638000,Мамадышский муниципальный район — официальный сайт,http://mamadysh.tatarstan.ru/index.htm/news/,tatarstan-html,official,unavailable,mo-92638000,,,
municipal-mo-92639000,Менделеевский муниципальный район — официальный сайт,http://mendeleevsk.tatarstan.ru/index.htm/news/,tatarstan-html,official,unavailable,mo-92639000,,,
municipal-mo-92640000,Мензелинский муниципальный район — официальный сайт,http://menzelinsk.tatarstan.ru/index.htm/news/,tatarstan-html,official,unavailable,mo-92640000,,,
municipal-mo-92642000,Муслюмовский муниципальный район — официальный сайт,http://muslumovo.tatarstan.ru/index.htm/news/,tatarstan-html,official,unavailable,mo-92642000,,,
tg-kzn_official,Мэрия Казани · Telegram,https://t.me/kzn_official,telegram,official,active,mo-92701000,2026-09-06T07:29:15.774855+00:00,2026-09-05T09:37:29Z,
chelny-official-news,Набережные Челны — официальные новости,https://nabchelny.ru/welcome/feed/,rss,official,active,mo-92730000,2026-09-06T07:37:11Z,2026-09-04T17:02:00Z,
municipal-mo-92644000,Нижнекамский муниципальный район — официальный сайт,http://nizhnekamsk.tatarstan.ru/index.htm/news/,tatarstan-html,official,unavailable,mo-92644000,,,
municipal-mo-92645000,Новошешминский муниципальный район — официальный сайт,http://novosheshminsk.tatarstan.ru/index.htm/news/,tatarstan-html,official,unavailable,mo-92645000,,,
municipal-mo-92646000,Нурлатский муниципальный район — официальный сайт,http://nurlat.tatarstan.ru/index.htm/news/,tatarstan-html,official,unavailable,mo-92646000,,,
municipal-mo-92648000,Пестречинский муниципальный район — официальный сайт,http://pestreci.tatarstan.ru/index.htm/news/,tatarstan-html,official,unavailable,mo-92648000,,,
municipal-mo-92650000,Рыбно-Слободский муниципальный район — официальный сайт,http://ribnaya-sloboda.tatarstan.ru/index.htm/news/,tatarstan-html,official,unavailable,mo-92650000,,,
municipal-mo-92652000,Сабинский муниципальный район — официальный сайт,http://saby.tatarstan.ru/index.htm/news/,tatarstan-html,official,unavailable,mo-92652000,,,
municipal-mo-92653000,Сармановский муниципальный район — официальный сайт,http://sarmanovo.tatarstan.ru/index.htm/news/,tatarstan-html,official,unavailable,mo-92653000,,,
municipal-mo-92632000,Спасский муниципальный район — официальный сайт,http://spasskiy.tatarstan.ru/index.htm/news/,tatarstan-html,official,unavailable,mo-92632000,,,
rosstat-news,Татарстанстат,https://16.rosstat.gov.ru/news/rss,rss,official,active,RU-TA,2026-09-06T07:24:06Z,2026-09-04T11:06:00Z,
tatmedia-agryz-rt-ru,Татмедиа: agryz-rt.ru,https://agryz-rt.ru/,rss-discovery,media,rights-review,mo-92601000,,,
rss-053b4b3d44cb9c9c,Татмедиа: agryz-rt.ru,https://agryz-rt.ru/rss,rss,media,active,mo-92601000,2026-09-06T07:20:20Z,2026-09-06T07:00:00Z,
tg-373cd644768f6a61,Татмедиа: agryz-rt.ru · Telegram,https://t.me/agr_vesti,telegram,media,active,mo-92601000,2026-09-06T07:30:18.577842+00:00,2026-09-06T07:00:26Z,
tatmedia-aksubayevo-ru,Татмедиа: aksubayevo.ru,https://aksubayevo.ru/,rss-discovery,media,rights-review,mo-92604000,,,
rss-5d42167c67e7a2ac,Татмедиа: aksubayevo.ru,https://aksubayevo.ru/rss,rss,media,active,mo-92604000,2026-09-06T07:28:10Z,2026-09-05T13:42:00Z,
tg-0a1a0a0de4a56c80,Татмедиа: aksubayevo.ru · Telegram,https://t.me/selskayanovaksubaevo,telegram,media,active,mo-92604000,2026-09-06T07:32:21.863392+00:00,2026-09-05T19:22:36Z,
tatmedia-aktanysh-rt-ru,Татмедиа: aktanysh-rt.ru,https://aktanysh-rt.ru/,rss-discovery,media,rights-review,mo-92605000,,,
rss-74fe895921c52b02,Татмедиа: aktanysh-rt.ru,https://aktanysh-rt.ru/rss,rss,media,active,mo-92605000,2026-09-06T07:36:17Z,2026-09-06T06:25:00Z,
tatmedia-alabuganury-ru,Татмедиа: alabuganury.ru,https://alabuganury.ru/,rss-discovery,media,rights-review,mo-92626000,,,
rss-19e141df46c13eab,Татмедиа: alabuganury.ru,https://elabuga-rt.ru/rss,rss,media,active,mo-92626000,2026-09-06T07:33:50Z,2026-09-06T07:25:00Z,
tg-325f085332c9a6f5,Татмедиа: alabuganury.ru · Telegram,https://t.me/ElabugaNK,telegram,media,active,,2026-09-06T07:34:56.820042+00:00,2026-09-06T07:25:49Z,
tatmedia-alekseyevsk-ru,Татмедиа: alekseyevsk.ru,https://alekseyevsk.ru/,rss-discovery,media,rights-review,mo-92606000,,,
rss-ce34da5c9dfb0dcb,Татмедиа: alekseyevsk.ru,https://alekseyevsk.ru/rss,rss,media,active,mo-92606000,2026-09-06T07:35:59Z,2026-09-06T06:55:00Z,
tg-2dab997b9b5b3393,Татмедиа: alekseyevsk.ru · Telegram,https://t.me/tatmediaofficial,telegram,media,active,,2026-09-06T07:30:47.564737+00:00,2026-09-06T06:33:30Z,
tg-bcaa4024a724e9d5,Татмедиа: alekseyevsk.ru · Telegram,https://t.me/zariaaleks,telegram,media,active,mo-92606000,2026-09-06T07:30:48.183561+00:00,2026-09-06T05:04:32Z,
tatmedia-alki-rt-ru,Татмедиа: alki-rt.ru,https://alki-rt.ru/,rss-discovery,media,rights-review,mo-92607000,,,
rss-b5d40ac71e382a8a,Татмедиа: alki-rt.ru,https://alki-rt.ru/rss,rss,media,active,mo-92607000,2026-09-06T07:33:11Z,2026-09-05T18:27:00Z,
tg-171a858e2793bdcb,Татмедиа: alki-rt.ru · Telegram,https://t.me/alki_vesti,telegram,media,active,mo-92607000,2026-09-06T07:31:18.944410+00:00,2026-09-06T06:02:58Z,
tatmedia-almet-rt-ru,Татмедиа: almet-rt.ru,https://almet-rt.ru/,rss-discovery,media,rights-review,mo-92608000,,,
rss-694423eaaf18c076,Татмедиа: almet-rt.ru,https://almet-rt.ru/rss,rss,media,active,mo-92608000,2026-09-06T07:08:47Z,2026-09-05T14:59:00Z,
tg-0da8d5751d71e1d2,Татмедиа: almet-rt.ru · Telegram,https://t.me/atannary,telegram,media,active,mo-92608000,2026-09-06T07:31:49.905255+00:00,2026-09-06T04:05:26Z,
tatmedia-almetievsk-ru-ru,Татмедиа: almetievsk-ru.ru,https://almetievsk-ru.ru/,rss-discovery,media,rights-review,mo-92608000,,,
rss-76c3910176fc6a15,Татмедиа: almetievsk-ru.ru,https://almetievsk-ru.ru/rss,rss,media,active,mo-92608000,2026-09-06T07:22:08Z,2026-09-06T07:00:00Z,
tg-1ca7541fee55ee6f,Татмедиа: almetievsk-ru.ru · Telegram,https://t.me/uvt24,telegram,media,active,mo-92608000,2026-09-06T07:31:20.041655+00:00,2026-09-06T06:02:32Z,
tatmedia-apastovo-ru,Татмедиа: apastovo.ru,https://apastovo.ru/,rss-discovery,media,rights-review,mo-92610000,,,
rss-4feb69737a591bcb,Татмедиа: apastovo.ru,https://apastovo.ru/rss,rss,media,active,mo-92610000,2026-09-06T07:18:48Z,2026-09-05T07:46:00Z,
tg-f8fb7e007e4f7463,Татмедиа: apastovo.ru · Telegram,https://t.me/apastovonovosti,telegram,media,active,mo-92610000,2026-09-06T07:32:21.258257+00:00,2026-09-06T05:50:15Z,
tatmedia-arskmedia-ru,Татмедиа: arskmedia.ru,https://arskmedia.ru/,rss-discovery,media,rights-review,mo-92612000,,,
rss-f5419fec1e3611fa,Татмедиа: arskmedia.ru,https://arskmedia.ru/rss,rss,media,active,mo-92612000,2026-09-06T07:29:15Z,2026-09-06T05:13:00Z,
tg-c0551178bdf20193,Татмедиа: arskmedia.ru · Telegram,https://t.me/arskmedia,telegram,media,active,mo-92612000,2026-09-06T07:31:50.479845+00:00,2026-09-06T07:21:01Z,
tatmedia-atnya-rt-ru,Татмедиа: atnya-rt.ru,https://atnya-rt.ru/,rss-discovery,media,rights-review,mo-92613000,,,
rss-3c365994a5ceaf76,Татмедиа: atnya-rt.ru,https://atnya-rt.ru/rss,rss,media,active,mo-92613000,2026-09-06T07:19:37Z,2026-09-06T07:00:00Z,
tg-4b471190f90bf960,Татмедиа: atnya-rt.ru · Telegram,https://t.me/atnatani,telegram,media,active,mo-92613000,2026-09-06T07:32:51.612260+00:00,2026-09-06T07:19:59Z,
tatmedia-aznakaevo-rt-ru,Татмедиа: aznakaevo-rt.ru,https://aznakaevo-rt.ru/,rss-discovery,media,rights-review,mo-92602000,,,
rss-2b33b21bc3ed41e6,Татмедиа: aznakaevo-rt.ru,https://aznakaevo-rt.ru/rss,rss,media,active,mo-92602000,2026-09-06T07:09:26Z,2026-09-06T05:37:00Z,
tatmedia-baltaci-ru,Татмедиа: baltaci.ru,https://baltaci.ru/,rss-discovery,media,rights-review,mo-92615000,,,
rss-c86b3571b23c2ac0,Татмедиа: baltaci.ru,https://baltaci.ru/rss,rss,media,active,mo-92615000,2026-09-06T07:11:22Z,2026-09-06T05:00:00Z,
tg-6331d987609eb88e,Татмедиа: baltaci.ru · Telegram,https://t.me/xezmet_gazetasi,telegram,media,active,mo-92615000,2026-09-06T07:33:23.119751+00:00,2026-09-06T06:20:53Z,
tatmedia-bavly-tat-ru,Татмедиа: bavly-tat.ru,https://bavly-tat.ru/,rss-discovery,media,rights-review,mo-92614000,,,
rss-b58a7f10dff8ac87,Татмедиа: bavly-tat.ru,https://bavly-tat.ru/rss,rss,media,active,mo-92614000,2026-09-06T07:24:33Z,2026-09-06T04:25:00Z,
tg-4eecce757bf966fb,Татмедиа: bavly-tat.ru · Telegram,https://t.me/BavlyinformNEWS,telegram,media,active,mo-92614000,2026-09-06T07:32:52.424901+00:00,2026-09-06T06:56:01Z,
tatmedia-biektaw-ru,Татмедиа: biektaw.ru,https://biektaw.ru/,rss-discovery,media,rights-review,mo-92622000,,,
rss-cfd69e845195c8ad,Татмедиа: biektaw.ru,https://biektaw.ru/rss,rss,media,active,mo-92622000,2026-09-06T07:25:53Z,2026-09-06T07:00:00Z,
tg-c4859e377a4dce61,Татмедиа: biektaw.ru · Telegram,https://t.me/vgora_vesti,telegram,media,active,mo-92622000,2026-09-06T07:34:25.336209+00:00,2026-09-06T07:02:26Z,
tatmedia-bugulma-tat-ru,Татмедиа: bugulma-tat.ru,https://bugulma-tat.ru/,rss-discovery,media,rights-review,mo-92617000,,,
tatmedia-bugulma-tatarstan-ru,Татмедиа: bugulma-tatarstan.ru,https://bugulma-tatarstan.ru/,rss-discovery,media,rights-review,mo-92617000,,,
rss-3de5c1484779c5e8,Татмедиа: bugulma-tatarstan.ru,https://bugulma-tatarstan.ru/rss,rss,media,active,mo-92617000,2026-09-06T07:27:36Z,2026-09-06T06:32:00Z,
tg-9338de44bca31be4,Татмедиа: bugulma-tatarstan.ru · Telegram,https://t.me/bugulgazeta,telegram,media,active,mo-92617000,2026-09-06T07:33:23.921381+00:00,2026-09-06T07:21:43Z,
tatmedia-buinsk-tat-ru,Татмедиа: buinsk-tat.ru,https://buinsk-tat.ru/,rss-discovery,media,rights-review,mo-92618000,,,
rss-174d96e6ae852b25,Татмедиа: buinsk-tat.ru,https://buinsk-tat.ru/rss,rss,media,active,mo-92618000,2026-09-06T07:12:38Z,2026-09-06T05:38:00Z,
tg-1b6f7669a331279e,Татмедиа: buinsk-tat.ru · Telegram,https://t.me/buinsknews,telegram,media,active,mo-92618000,2026-09-06T07:33:53.884236+00:00,2026-09-05T19:21:05Z,
tatmedia-chelny-izvest-ru,Татмедиа: chelny-izvest.ru,https://chelny-izvest.ru/,rss-discovery,media,rights-review,mo-92730000,,,
rss-6fd3d4e2945e2a76,Татмедиа: chelny-izvest.ru,https://chelny-izvest.ru/rss,rss,media,active,mo-92730000,2026-09-06T07:08:21Z,2026-09-06T06:01:00Z,
tg-05296541bbde9def,Татмедиа: chelny-izvest.ru · Telegram,https://t.me/chelny_news1,telegram,media,active,mo-92730000,2026-09-06T07:15:40.451175+00:00,2026-09-06T07:12:01Z,
tatmedia-chelny-rt-ru,Татмедиа: chelny-rt.ru,https://chelny-rt.ru/,rss-discovery,media,rights-review,mo-92730000,,,
rss-a8a9dccbc1480c3b,Татмедиа: chelny-rt.ru,https://chelny-rt.ru/rss,rss,media,active,mo-92730000,2026-09-06T07:09:31Z,2023-10-12T08:15:00Z,
tg-d139458050d8efba,Татмедиа: chelny-rt.ru · Telegram,https://t.me/chelny_rt,telegram,media,active,mo-92730000,2026-09-06T07:16:43.004262+00:00,2026-09-05T16:07:46Z,
tatmedia-chistopol-rt-ru,Татмедиа: chistopol-rt.ru,https://chistopol-rt.ru/,rss-discovery,media,rights-review,mo-92659000,,,
rss-2e3c1bd739c8bddc,Татмедиа: chistopol-rt.ru,https://chistopol-rt.ru/rss,rss,media,active,mo-92659000,2026-09-06T07:11:54Z,2026-09-06T06:50:00Z,
tg-64db13b79f5c74f4,Татмедиа: chistopol-rt.ru · Telegram,https://t.me/chistopol_news,telegram,media,active,mo-92659000,2026-09-06T07:15:39.614161+00:00,2026-09-06T07:01:52Z,
tatmedia-chuprale-online-ru,Татмедиа: chuprale-online.ru,https://chuprale-online.ru/,rss-discovery,media,rights-review,mo-92624000,,,
rss-4ecee1a04e06f2db,Татмедиа: chuprale-online.ru,https://chuprale-online.ru/rss,rss,media,active,mo-92624000,2026-09-06T07:20:20Z,2026-09-05T14:12:00Z,
tg-7d3c58ac0e379080,Татмедиа: chuprale-online.ru · Telegram,https://t.me/drozzanoe90,telegram,media,active,mo-92624000,2026-09-06T07:34:26.062366+00:00,2026-09-05T18:57:17Z,
tatmedia-elabuga-rt-ru,Татмедиа: elabuga-rt.ru,https://elabuga-rt.ru/,rss-discovery,media,rights-review,mo-92626000,,,
tatmedia-kaibicy-ru,Татмедиа: kaibicy.ru,https://kaibicy.ru/,rss-discovery,media,rights-review,mo-92629000,,,
rss-9680e1257c94ea35,Татмедиа: kaibicy.ru,https://kaibicy.ru/rss,rss,media,active,mo-92629000,2026-09-06T07:22:02Z,2026-09-06T06:01:00Z,
tg-834c125e61473c56,Татмедиа: kaibicy.ru · Telegram,https://t.me/kaibicy,telegram,media,active,mo-92629000,2026-09-06T07:35:28.068741+00:00,2026-09-04T15:05:07Z,
tatmedia-kamskoe-ustie-ru,Татмедиа: kamskoe-ustie.ru,https://kamskoe-ustie.ru/,rss-discovery,media,rights-review,mo-92630000,,,
rss-239bb216577fc8fe,Татмедиа: kamskoe-ustie.ru,https://kamskoe-ustie.ru/rss,rss,media,active,mo-92630000,2026-09-06T07:23:55Z,2026-09-06T06:00:00Z,
tg-4b6aee1a0b53b526,Татмедиа: kamskoe-ustie.ru · Telegram,https://t.me/volzhskie,telegram,media,active,mo-92630000,2026-09-06T07:35:59.488388+00:00,2026-09-06T06:05:32Z,
tatmedia-kukmor-rt-ru,Татмедиа: kukmor-rt.ru,https://kukmor-rt.ru/,rss-discovery,media,rights-review,mo-92633000,,,
rss-cef892201a671dd7,Татмедиа: kukmor-rt.ru,https://kukmor-rt.ru/rss,rss,media,active,mo-92633000,2026-09-06T07:08:31Z,2026-09-06T06:03:00Z,
tg-9b8189ef5d9e3764,Татмедиа: kukmor-rt.ru · Telegram,https://t.me/kukmor_tatarstan,telegram,media,active,mo-92633000,2026-09-06T07:36:29.871076+00:00,2026-09-06T07:10:12Z,
tatmedia-kunelradio-ru,Татмедиа: kunelradio.ru,https://kunelradio.ru/,rss-discovery,media,rights-review,mo-92730000,,,
tg-402e324913239dd2,Татмедиа: kunelradio.ru · Telegram,https://t.me/kunel_radio,telegram,media,active,mo-92730000,2026-09-06T07:16:42.298481+00:00,2026-09-05T10:11:55Z,
tatmedia-laishevskyi-ru,Татмедиа: laishevskyi.ru,https://laishevskyi.ru/,rss-discovery,media,rights-review,mo-92634000,,,
rss-11c724b917e55980,Татмедиа: laishevskyi.ru,https://laishevskyi.ru/rss,rss,media,active,mo-92634000,2026-09-06T07:17:23Z,2026-09-05T19:04:00Z,
tg-b85b6d88a12c4a59,Татмедиа: laishevskyi.ru · Telegram,https://t.me/novayakama,telegram,media,active,mo-92634000,2026-09-06T07:36:30.837473+00:00,2026-09-06T03:16:17Z,
tatmedia-leninogorsk-rt-ru,Татмедиа: leninogorsk-rt.ru,https://leninogorsk-rt.ru/,rss-discovery,media,rights-review,mo-92636000,,,
rss-22334a08aa7c164b,Татмедиа: leninogorsk-rt.ru,https://leninogorsk-rt.ru/rss,rss,media,active,mo-92636000,2026-09-06T07:20:42Z,2026-09-05T09:00:00Z,
tg-4e06f06c6e3eea26,Татмедиа: leninogorsk-rt.ru · Telegram,https://t.me/len_vesti,telegram,media,active,mo-92636000,2026-09-06T07:37:01.233923+00:00,2026-09-06T05:03:11Z,
tatmedia-mamadysh-rt-ru,Татмедиа: mamadysh-rt.ru,https://mamadysh-rt.ru/,rss-discovery,media,rights-review,mo-92638000,,,
rss-1fc958a2abb10774,Татмедиа: mamadysh-rt.ru,https://mamadysh-rt.ru/rss,rss,media,active,mo-92638000,2026-09-06T07:34:11Z,2026-09-06T06:00:00Z,
tg-1a7964d9f16642e2,Татмедиа: mamadysh-rt.ru · Telegram,https://t.me/novosti_mamadysha,telegram,media,active,mo-92638000,2026-09-06T07:10:59.783727+00:00,2026-09-06T06:04:02Z,TimeoutError
tatmedia-maydan-tatar,Татмедиа: maydan.tatar,https://maydan.tatar/,rss-discovery,media,rights-review,mo-92730000,,,
tatmedia-mendeleevskyi-ru,Татмедиа: mendeleevskyi.ru,https://mendeleevskyi.ru/,rss-discovery,media,rights-review,mo-92639000,,,
rss-49600a6eca3192aa,Татмедиа: mendeleevskyi.ru,https://mendeleevskyi.ru/rss,rss,media,active,mo-92639000,2026-09-06T07:36:11Z,2026-09-06T07:03:00Z,
tg-70caca3a88157619,Татмедиа: mendeleevskyi.ru · Telegram,https://t.me/mndnews,telegram,media,active,mo-92639000,2026-09-06T07:12:01.385790+00:00,2026-09-06T06:16:01Z,
tatmedia-menzela-ru,Татмедиа: menzela.ru,https://menzela.ru/,rss-discovery,media,rights-review,mo-92640000,,,
rss-09e37d6130e1c999,Татмедиа: menzela.ru,https://menzela.ru/rss,rss,media,active,mo-92640000,2026-09-06T07:10:54Z,2026-09-05T13:14:00Z,
tg-93af88c70d13df42,Татмедиа: menzela.ru · Telegram,https://t.me/smi_menzela,telegram,media,active,mo-92640000,2026-09-06T07:12:33.378864+00:00,2026-09-06T06:40:54Z,
tatmedia-muslumirc-ru,Татмедиа: muslumirc.ru,https://muslumirc.ru/,rss-discovery,media,rights-review,mo-92642000,,,
rss-0241a87d8b46ddee,Татмедиа: muslumirc.ru,https://muslumirc.ru/rss,rss,media,active,mo-92642000,2026-09-06T07:23:02Z,2026-09-06T07:22:00Z,
tg-ffc56d3f28be6314,Татмедиа: muslumirc.ru · Telegram,https://t.me/muslumirc,telegram,media,active,mo-92642000,2026-09-06T07:12:02.110854+00:00,2026-09-06T07:02:16Z,
tatmedia-nashcheremshan-ru,Татмедиа: nashcheremshan.ru,https://nashcheremshan.ru/,rss-discovery,media,rights-review,mo-92658000,,,
rss-400f2de1e93dd998,Татмедиа: nashcheremshan.ru,https://nashcheremshan.ru/rss,rss,media,active,mo-92658000,2026-09-06T07:20:36Z,2026-09-06T06:11:00Z,
tg-89be5f9c0fe040d6,Татмедиа: nashcheremshan.ru · Telegram,https://t.me/n_chrmshn,telegram,media,active,mo-92658000,2026-09-06T07:15:09.202621+00:00,2026-09-05T18:31:53Z,
tatmedia-nizhnekamsk-rt-ru,Татмедиа: nizhnekamsk-rt.ru,https://nizhnekamsk-rt.ru/,rss-discovery,media,rights-review,mo-92644000,,,
rss-f733da304cae4146,Татмедиа: nizhnekamsk-rt.ru,https://nizhnekamsk-rt.ru/rss,rss,media,active,mo-92644000,2026-09-06T07:07:21Z,2026-09-06T06:59:00Z,
tg-eeaeb4fc54324d0e,Татмедиа: nizhnekamsk-rt.ru · Telegram,https://t.me/kampolany,telegram,media,active,mo-92644000,2026-09-06T07:12:32.752250+00:00,2026-09-05T08:56:35Z,
tatmedia-nkamsk-rt-ru,Татмедиа: nkamsk-rt.ru,https://nkamsk-rt.ru/,rss-discovery,media,rights-review,mo-92644000,,,
tatmedia-nkpravda-ru,Татмедиа: nkpravda.ru,https://nkpravda.ru/,rss-discovery,media,rights-review,mo-92644000,,,
tatmedia-novoshishminsk-ru,Татмедиа: novoshishminsk.ru,https://novoshishminsk.ru/,rss-discovery,media,rights-review,mo-92645000,,,
rss-6fe647d6c5be21d4,Татмедиа: novoshishminsk.ru,https://novoshishminsk.ru/rss,rss,media,active,mo-92645000,2026-09-06T07:25:16Z,2026-09-06T05:26:00Z,
tg-7b98d72377ed4129,Татмедиа: novoshishminsk.ru · Telegram,https://t.me/shesmauk,telegram,media,active,mo-92645000,2026-09-06T07:13:04.087317+00:00,2026-09-06T05:08:55Z,
tatmedia-novyi-zai-ru,Татмедиа: novyi-zai.ru,https://novyi-zai.ru/,rss-discovery,media,rights-review,mo-92627000,,,
tatmedia-ntr-24-ru,Татмедиа: ntr-24.ru,https://ntr-24.ru/,rss-discovery,media,rights-review,mo-92644000,,,
tg-f6508170a98e59c3,Татмедиа: ntr-24.ru · Telegram,https://t.me/ntr24ru,telegram,media,active,,2026-09-06T07:37:05Z,2026-09-06T05:37:54Z,
tatmedia-nurlat-tat-ru,Татмедиа: nurlat-tat.ru,https://nurlat-tat.ru/,rss-discovery,media,rights-review,mo-92646000,,,
rss-083532199f238100,Татмедиа: nurlat-tat.ru,https://nurlat-tat.ru/rss,rss,media,active,mo-92646000,2026-09-06T07:21:26Z,2026-09-06T07:00:00Z,
tg-157349a6d926b5b3,Татмедиа: nurlat-tat.ru · Telegram,https://t.me/nurlatinform,telegram,media,active,mo-92646000,2026-09-06T07:13:04.667841+00:00,2026-09-06T07:05:24Z,
tatmedia-pestrecy-rt-ru,Татмедиа: pestrecy-rt.ru,https://pestrecy-rt.ru/,rss-discovery,media,rights-review,mo-92648000,,,
rss-7187a4032f7bb86b,Татмедиа: pestrecy-rt.ru,https://pestrecy-rt.ru/rss,rss,media,active,mo-92648000,2026-09-06T07:33:12Z,2026-09-06T06:51:00Z,
tg-16646eecb99ff226,Татмедиа: pestrecy-rt.ru · Telegram,https://t.me/pestresy,telegram,media,active,mo-92648000,2026-09-06T07:13:34.490097+00:00,2026-09-06T05:18:23Z,
tatmedia-rsloboda-rt-ru,Татмедиа: rsloboda-rt.ru,https://rsloboda-rt.ru/,rss-discovery,media,rights-review,mo-92650000,,,
rss-fb6ebb61f1d4d369,Татмедиа: rsloboda-rt.ru,https://rsloboda-rt.ru/rss,rss,media,active,mo-92650000,2026-09-06T07:30:56Z,2026-09-06T07:19:00Z,
tg-4f40a89e06af3df4,Татмедиа: rsloboda-rt.ru · Telegram,https://t.me/rusloboda,telegram,media,active,mo-92650000,2026-09-06T07:14:06.271902+00:00,2026-09-06T07:04:21Z,
tatmedia-saba-rt-ru,Татмедиа: saba-rt.ru,https://saba-rt.ru/,rss-discovery,media,rights-review,mo-92652000,,,
tatmedia-saby-rt-ru,Татмедиа: saby-rt.ru,https://saby-rt.ru/,rss-discovery,media,rights-review,mo-92652000,,,
rss-ce9da004e6432932,Татмедиа: saby-rt.ru,https://saby-rt.ru/rss,rss,media,active,mo-92652000,2026-09-06T07:34:33Z,2026-09-06T06:41:00Z,
tg-68ca44037efce88e,Татмедиа: saby-rt.ru · Telegram,https://t.me/sabatannars,telegram,media,active,,2026-09-06T07:13:34.981380+00:00,2026-09-05T20:25:58Z,
tatmedia-sarman-rt-ru,Татмедиа: sarman-rt.ru,https://sarman-rt.ru/,rss-discovery,media,rights-review,mo-92653000,,,
rss-01d6bb77f47ae172,Татмедиа: sarman-rt.ru,https://sarman-rt.ru/rss,rss,media,active,mo-92653000,2026-09-06T07:35:48Z,2026-09-05T17:46:00Z,
tg-78e4802b842ee6ab,Татмедиа: sarman-rt.ru · Telegram,https://t.me/sarman_rt,telegram,media,active,mo-92653000,2026-09-06T07:14:06.978747+00:00,2026-09-06T07:02:27Z,
tatmedia-shahrichalli-ru,Татмедиа: shahrichalli.ru,https://shahrichalli.ru/,rss-discovery,media,rights-review,mo-92730000,,,
rss-4a0676cee1f7bebf,Татмедиа: shahrichalli.ru,https://shahrichalli.ru/rss,rss,media,active,mo-92730000,2026-09-06T07:09:53Z,2026-09-06T05:35:00Z,
tg-75a07829c76903e0,Татмедиа: shahrichalli.ru · Telegram,https://t.me/shahrichally,telegram,media,active,mo-92730000,2026-09-06T07:16:11.085335+00:00,2026-09-05T08:28:19Z,
tatmedia-spas-rt-ru,Татмедиа: spas-rt.ru,https://spas-rt.ru/,rss-discovery,media,rights-review,mo-92632000,,,
rss-c5e21683dabb0045,Татмедиа: spas-rt.ru,https://spas-rt.ru/rss,rss,media,active,mo-92632000,2026-09-06T07:21:31Z,2026-09-05T16:30:00Z,
tatmedia-tetyushy-ru,Татмедиа: tetyushy.ru,https://tetyushy.ru/,rss-discovery,media,rights-review,mo-92655000,,,
rss-2fc4dc2ca53e2dff,Татмедиа: tetyushy.ru,https://tetyushy.ru/rss,rss,media,active,mo-92655000,2026-09-06T07:24:06Z,2026-09-06T07:17:00Z,
tg-295f7bc87654b20a,Татмедиа: tetyushy.ru · Telegram,https://t.me/tetyushy,telegram,media,active,mo-92655000,2026-09-06T07:15:08.380677+00:00,2026-09-06T07:02:00Z,
tatmedia-tukai-rt-ru,Татмедиа: tukai-rt.ru,https://tukai-rt.ru/,rss-discovery,media,rights-review,mo-92657000,,,
rss-8717af6408173978,Татмедиа: tukai-rt.ru,https://tukai-rt.ru/rss,rss,media,active,mo-92657000,2026-09-06T07:22:51Z,2026-09-06T06:26:00Z,
tg-126fc2525de649a3,Татмедиа: tukai-rt.ru · Telegram,https://t.me/yakti_ul,telegram,media,active,mo-92657000,2026-09-06T07:14:36.752630+00:00,2026-09-06T05:02:13Z,
tatmedia-tulachi-ru,Татмедиа: tulachi.ru,https://tulachi.ru/,rss-discovery,media,rights-review,mo-92656000,,,
rss-868913f796462114,Татмедиа: tulachi.ru,https://tulachi.ru/rss,rss,media,active,mo-92656000,2026-09-06T07:21:26Z,2026-09-06T06:45:00Z,
tg-d732c1e6be3b0ddc,Татмедиа: tulachi.ru · Telegram,https://t.me/TulInformm,telegram,media,active,mo-92656000,2026-09-06T07:14:37.320848+00:00,2026-09-06T06:39:01Z,
tatmedia-tvchelny-ru,Татмедиа: tvchelny.ru,https://tvchelny.ru/,rss-discovery,media,rights-review,mo-92730000,,,
rss-ecb65bb8a9db62c2,Татмедиа: tvchelny.ru,https://tvchelny.ru/rss,rss,media,active,mo-92730000,2026-09-06T07:36:54Z,2026-09-04T13:23:00Z,
tg-f1232eeddc21e7e3,Татмедиа: tvchelny.ru · Telegram,https://t.me/chelnytv,telegram,media,active,mo-92730000,2026-09-06T07:16:11.638542+00:00,2026-09-05T14:41:05Z,
tatmedia-vuslon-ru,Татмедиа: vuslon.ru,https://vuslon.ru/,rss-discovery,media,rights-review,mo-92620000,,,
rss-9625df0f2d51b3dd,Татмедиа: vuslon.ru,https://vuslon.ru/rss,rss,media,active,mo-92620000,2026-09-06T07:26:26Z,2026-09-06T07:00:00Z,
tg-81459f63d2581534,Татмедиа: vuslon.ru · Telegram,https://t.me/verhniyuslon,telegram,media,active,mo-92620000,2026-09-06T07:33:54.612493+00:00,2026-09-06T06:39:53Z,
tatmedia-yashel-uzan-ru,Татмедиа: yashel-uzan.ru,https://yashel-uzan.ru/,rss-discovery,media,rights-review,mo-92628000,,,
rss-ad6d9af675389326,Татмедиа: yashel-uzan.ru,https://yashel-uzan.ru/rss,rss,media,active,mo-92628000,2026-09-06T07:19:10Z,2026-09-06T06:00:00Z,
tg-541fd0a200553ffc,Татмедиа: yashel-uzan.ru · Telegram,https://t.me/yasheluzan,telegram,media,active,mo-92628000,2026-09-06T07:35:58.778747+00:00,2026-09-06T07:05:02Z,
tatmedia-yutazy-ru,Татмедиа: yutazy.ru,https://yutazy.ru/,rss-discovery,media,rights-review,mo-92654000,,,
rss-680e6b3322303d1c,Татмедиа: yutazy.ru,https://yutazy.ru/rss,rss,media,active,mo-92654000,2026-09-06T07:22:01Z,2026-09-06T06:30:00Z,
tatmedia-zainsk-inform-ru,Татмедиа: zainsk-inform.ru,https://zainsk-inform.ru/,rss-discovery,media,rights-review,mo-92627000,,,
rss-8ff7a9c6627f011a,Татмедиа: zainsk-inform.ru,https://zainsk-inform.ru/rss,rss,media,active,mo-92627000,2026-09-06T07:06:53Z,2026-09-06T05:08:00Z,
tg-bb41dd3f23c28c32,Татмедиа: zainsk-inform.ru · Telegram,https://t.me/zainsknews,telegram,media,active,mo-92627000,2026-09-06T07:34:57.617104+00:00,2026-09-06T07:06:16Z,
tatmedia-zainsk-rt-ru,Татмедиа: zainsk-rt.ru,https://zainsk-rt.ru/,rss-discovery,media,rights-review,mo-92627000,,,
tatmedia-zamansulyshy-ru,Татмедиа: zamansulyshy.ru,https://zamansulyshy.ru/,rss-discovery,media,rights-review,mo-92636000,,,
rss-e8ab17f92876e3cf,Татмедиа: zamansulyshy.ru,https://zamansulyshy.ru/rss,rss,media,active,mo-92636000,2026-09-06T07:35:42Z,2026-09-06T04:20:00Z,
tg-f442e0e4ed61ec67,Татмедиа: zamansulyshy.ru · Telegram,https://t.me/zamansulyshy,telegram,media,active,mo-92636000,2026-09-06T07:37:00.559549+00:00,2026-09-06T05:48:16Z,
tatmedia-zpravda-ru,Татмедиа: zpravda.ru,https://zpravda.ru/,rss-discovery,media,rights-review,mo-92628000,,,
rss-f1253a682b776dab,Татмедиа: zpravda.ru,https://zpravda.ru/rss,rss,media,active,mo-92628000,2026-09-06T07:10:55Z,2026-09-06T07:00:00Z,
tg-969fd144ca2f80c1,Татмедиа: zpravda.ru · Telegram,https://t.me/zpravda,telegram,media,active,mo-92628000,2026-09-06T07:35:27.511799+00:00,2026-09-06T07:01:06Z,
municipal-mo-92655000,Тетюшский муниципальный район — официальный сайт,http://tetyushi.tatarstan.ru/index.htm/news/,tatarstan-html,official,unavailable,mo-92655000,,,
municipal-mo-92657000,Тукаевский муниципальный район — официальный сайт,http://tukay.tatarstan.ru/index.htm/news/,tatarstan-html,official,unavailable,mo-92657000,,,
municipal-mo-92656000,Тюлячинский муниципальный район — официальный сайт,http://tulachi.tatarstan.ru/index.htm/news/,tatarstan-html,official,unavailable,mo-92656000,,,
innopolis-university-news,Университет Иннополис,https://innopolis.university/news/,html,media,needs-adapter,RU-TA,,,
tg-166cef01798f1fe8,Университет Иннополис · Telegram,https://t.me/universityinnopolis,telegram,media,active,RU-TA,2026-09-06T07:30:17.127436+00:00,2026-09-04T11:36:01Z,
municipal-mo-92658000,Черемшанский муниципальный район — официальный сайт,http://cheremshan.tatarstan.ru/index.htm/news/,tatarstan-html,official,unavailable,mo-92658000,,,
municipal-mo-92659000,Чистопольский муниципальный район — официальный сайт,http://chistopol.tatarstan.ru/index.htm/news/,tatarstan-html,official,unavailable,mo-92659000,,,
municipal-mo-92654000,Ютазинский муниципальный район — официальный сайт,http://yutaza.tatarstan.ru/index.htm/news/,tatarstan-html,official,unavailable,mo-92654000,,,
municipal-mo-92701000,город Казань — официальный сайт,https://kzn.ru/index.htm/news/,tatarstan-html,official,unavailable,mo-92701000,,,
municipal-mo-92730000,город Набережные Челны — официальный сайт,https://nabchelny.ru/index.htm/news/,tatarstan-html,official,unavailable,mo-92730000,,,
rss-fbdcfb940904f11a,город Набережные Челны — официальный сайт,http://nabchelny.ru/welcome/feed/,rss,official,active,mo-92730000,2026-09-06T07:05:43Z,2026-09-04T17:02:00Z,
